-- phpMyAdmin SQL Dump
-- version 5.2.1
-- https://www.phpmyadmin.net/
--
-- Servidor: 127.0.0.1
-- Tiempo de generación: 25-07-2025 a las 14:52:28
-- Versión del servidor: 10.4.32-MariaDB
-- Versión de PHP: 8.2.12

SET SQL_MODE = "NO_AUTO_VALUE_ON_ZERO";
START TRANSACTION;
SET time_zone = "+00:00";


/*!40101 SET @OLD_CHARACTER_SET_CLIENT=@@CHARACTER_SET_CLIENT */;
/*!40101 SET @OLD_CHARACTER_SET_RESULTS=@@CHARACTER_SET_RESULTS */;
/*!40101 SET @OLD_COLLATION_CONNECTION=@@COLLATION_CONNECTION */;
/*!40101 SET NAMES utf8mb4 */;

--
-- Base de datos: `cnl_report`
--

-- --------------------------------------------------------

--
-- Estructura de tabla para la tabla `habitaciones`
--

CREATE TABLE `habitaciones` (
  `id` int(11) NOT NULL,
  `piso_id` int(11) NOT NULL,
  `numero_habitacion` varchar(11) NOT NULL
) ENGINE=InnoDB DEFAULT CHARSET=utf8mb4 COLLATE=utf8mb4_general_ci;

--
-- Volcado de datos para la tabla `habitaciones`
--

INSERT INTO `habitaciones` (`id`, `piso_id`, `numero_habitacion`) VALUES
(5, 2, '15'),
(6, 2, '16'),
(10, 1, '01A'),
(11, 1, '01B'),
(12, 1, '02A'),
(13, 1, '02A'),
(14, 1, '02B'),
(15, 1, '03A'),
(16, 1, '03B'),
(17, 1, '04A'),
(18, 1, '04B'),
(19, 1, '05A'),
(20, 1, '05B'),
(21, 1, '06A'),
(22, 1, '06B'),
(23, 1, '07'),
(24, 1, '08A'),
(26, 1, '08B'),
(27, 1, '09A'),
(28, 1, '09B'),
(29, 1, '10A'),
(30, 1, '10B'),
(31, 1, '11A'),
(32, 1, '11B'),
(33, 1, '12A'),
(34, 1, '12B'),
(35, 1, '13A'),
(36, 1, '13B'),
(37, 3, '01A'),
(38, 5, '01');

-- --------------------------------------------------------

--
-- Estructura de tabla para la tabla `pisos`
--

CREATE TABLE `pisos` (
  `id` int(11) NOT NULL,
  `numero` int(11) NOT NULL
) ENGINE=InnoDB DEFAULT CHARSET=utf8mb4 COLLATE=utf8mb4_general_ci;

--
-- Volcado de datos para la tabla `pisos`
--

INSERT INTO `pisos` (`id`, `numero`) VALUES
(1, 9),
(2, 8),
(3, 7),
(4, 1),
(5, 2);

-- --------------------------------------------------------

--
-- Estructura de tabla para la tabla `reportes`
--

CREATE TABLE `reportes` (
  `id` int(11) NOT NULL,
  `usuario_id` int(11) NOT NULL,
  `piso` int(11) NOT NULL,
  `habitacion` varchar(10) DEFAULT NULL,
  `reporte` text NOT NULL,
  `tipo_dano` varchar(255) NOT NULL,
  `fecha` timestamp NOT NULL DEFAULT current_timestamp(),
  `estado` varchar(50) DEFAULT 'Ingresada',
  `respuesta` text DEFAULT NULL,
  `fecha_creacion` datetime DEFAULT current_timestamp(),
  `fecha_respuesta` datetime DEFAULT NULL,
  `imagen_antes` longblob DEFAULT NULL,
  `imagen_despues` longblob DEFAULT NULL,
  `respondido_por` int(11) DEFAULT NULL
) ENGINE=InnoDB DEFAULT CHARSET=utf8mb4 COLLATE=utf8mb4_general_ci;

--
-- Volcado de datos para la tabla `reportes`
--

INSERT INTO `reportes` (`id`, `usuario_id`, `piso`, `habitacion`, `reporte`, `tipo_dano`, `fecha`, `estado`, `respuesta`, `fecha_creacion`, `fecha_respuesta`, `imagen_antes`, `imagen_despues`, `respondido_por`) VALUES
(1, 5, 1, '101', '\"\"Bloque del equipo de llamados de enfermria\"\"', 'Otro', '0000-00-00 00:00:00', 'En Proceso', '\"\"Se realiza validaci?n y se encuentra que el aplicativo se encuentra bloqueado.\r\n---------------------------------\r\nSe procede a reiniciar el equipo y ejecutar nuevamente los aplicativos correspondientes, se realiza prueba de funcionamiento con resultados satisfactorios\"\"', '0000-00-00 00:00:00', '2025-07-25 10:48:33', 0x424f4d42494c4c4f2e6a706567, 0xffd8ffe000104a46494600010101000000000000fffe003b43524541544f523a2067642d6a7065672076312e3020287573696e6720494a47204a50454720763830292c207175616c697479203d2037300affdb0043000a07070807060a0808080b0a0a0b0e18100e0d0d0e1d15161118231f2524221f2221262b372f26293429212230413134393b3e3e3e252e4449433c48373d3e3bffdb0043010a0b0b0e0d0e1c10101c3b2822283b3b3b3b3b3b3b3b3b3b3b3b3b3b3b3b3b3b3b3b3b3b3b3b3b3b3b3b3b3b3b3b3b3b3b3b3b3b3b3b3b3b3b3b3b3b3b3b3b3bffc00011080244019b03012200021101031101ffc4001f0000010501010101010100000000000000000102030405060708090a0bffc400b5100002010303020403050504040000017d01020300041105122131410613516107227114328191a1082342b1c11552d1f02433627282090a161718191a25262728292a3435363738393a434445464748494a535455565758595a636465666768696a737475767778797a838485868788898a92939495969798999aa2a3a4a5a6a7a8a9aab2b3b4b5b6b7b8b9bac2c3c4c5c6c7c8c9cad2d3d4d5d6d7d8d9dae1e2e3e4e5e6e7e8e9eaf1f2f3f4f5f6f7f8f9faffc4001f0100030101010101010101010000000000000102030405060708090a0bffc400b51100020102040403040705040400010277000102031104052131061241510761711322328108144291a1b1c109233352f0156272d10a162434e125f11718191a262728292a35363738393a434445464748494a535455565758595a636465666768696a737475767778797a82838485868788898a92939495969798999aa2a3a4a5a6a7a8a9aab2b3b4b5b6b7b8b9bac2c3c4c5c6c7c8c9cad2d3d4d5d6d7d8d9dae2e3e4e5e6e7e8e9eaf2f3f4f5f6f7f8f9faffda000c03010002110311003f00f5ff005e9c5068f5147f4a630eb47347268dbee68017f2a28a2800a3f1fd28a2800a3d68a2800f4a28a2800a28a28003fad19a3de93a7b0a005a28c8a3340051467da8cfb500149c9a5e7d28c5001d68a3a5193ed4007ad21a5e79a4eb4000e6928a7500368a75368603a9b4ea2801b453a8a02e27268e452d1405c4c1fc28f6a5a6d002e0d253a8a004eb40a31ef4940052f34b450027bd253a9b40053a9b4ea01886968f5a28010d2529a3fcf4a003d68e68e99f7a5c7bf140001de8a3a514007347345140060fad18a4f5c939a3f885001ef9a5a4dbee694d00145141a0033e9cd1da8fd28340052641e296939a003938a5cf5f6a3068c5001451cfad1cd0019ed8a4c9f6a5c679cd18f7340087ad1d0714b8a38a003fcf14da77d319a4c7a5001de9297ea28140094bd68e3bd1f5a005a4c8a5c0edc5263ea6800ce696907d0d25003a9b4eea7228c5001498a5a2800a39f4a307d68e9de800a6d3a8a004c0a38e2968a006d2f1e94b450026052d1450014da771eb4da005e0e714668f5a33400b8a31ef45140063de8e3de8a39a0028ed47d68a0038f414628cd1da800c8a38a39f41450014514500068ed4514005145140051473ed47e22800a3b51476a003b51cf6a31ee68c7ae680b89cfad2d1c7a1a38f4a003f2a39fad1f8d14009fa0a318e739a0f4a5c5001f951eb4628f5a0028cd1450019a3af4a28a000519a318cd140075a31451400734609a28fc4d0018a3147e34500181486968c500368a5fe23464500251451400bf4a3228141ed4007634645028e7d6801451451c77a003eb9cd14647bd1f81a003f0cd1fa51f4068ef4007d051eb47347ad001cd1cfa8a3d28f5a003a668a3f1c503bd001473e94727b51c7bd001da8e681471e94006051c7b51c7a51f85001f8d1da8fc28f6a003f13471d81a39a33ec6800c9f51473eb47ad1da800f4a28fc68fa50019a33473ed47a50019a28fc451400514514007345145001451f851f85001d68c7bd18eb450018a05145001d7ad145140060fad14514009de8141eb40a003f1a3f88d2d36800a29d49f8714009452e08e71473400b47345140073eb467f1a28ce3b5001f5e28e9475ed45001cf6a3068e7b628e7da800c11d28c1f5a39f5147e34007af7a3b51f8d02800ebde8e7b51c7bd1c7bd001cfb51eb471e868f5a0038f5a28f6228a0033476a3228f5a0038f7a33ec68cfd68c9f5a003d68a39e83069307a608f703fc680179f4a39f6a43f2e092abc7738cd45f698338fb4c3907a798280b13714533cc42081221c75c30e3eb4ec138230411c10680b0bc0a33473e878f6a3f4cf73400668cd14500145145001451450019c514628a0028a28a0028ee39a28a004e79a5fad1483bd002d21fc29683f5a006d14ea6d003a9338a4a5e7b5002d37f3a5ec28e3dff003a062d1cd068a041ebd68c9a3f1c51f5340073ef471451eb4007d28f7a39f6a307da80019a31473eb47e39a0028a28a003e9464d14500028a28ef40077a28cd1922800e68a00278fd4f6ac8d5bc49a7e90844f329907f0823fc8a126f604afb1ac4ec0492001d49acf9f5748e631a5bcce17ef48c0471aff00c09b19fc335cc9f10eb5ac391a659c810f1e6e3007d09fe82a0ff843a7b99c5e6a978af2e46d32979fcbff007013804fae2af96db96a296e5a9bc6650c7e76a7a7da8f35d1d610d3631d0961c283ee39ed58c9e245de676d5753bd92394e56360acc0ff0a43800fd5ba57476fe1ab481c04b79dd6760eec70bc8f5cfe95a3fd936a8a59a3589891863c9fcfa934ac8aba5b23878ae05b5ec84e99aeba3c824549f6f980b75ce4e001fdd151de456af33f97e1e9ee1d4870d2158bca61fec8e18fbd7a20d2ed810819738e46393f9d29d2e2f31490afb470b200d8fa0a341f39c2d9ea3649198e4d1658e55ff0058f2dbaa6fcf3d50e0ff00c080ab2ba8d8a2f97f60be10be656db2140ad9c601072077aecc591206d31e0f41e4803fc69b2d844f9cc712c8410329903eb459073dce4adf5f86c2f5a16d5b5010ce0342674dc91638dbbb1cfe26b6ecfc45e6c7b45dd85cca725556431b3e3ebc66adcba4c1222ac96b1360e7a7f2aa7278734e724fd95a060321d48ea7da8b213b33692ee32a8640d1e40237e0a8ff00810e33f8d591d882083dc735cac3a25de9c8c34abf10c409db098c6ce7ae7b126a54d5eef4e27fb46c248d7bcd6d9653f55ed49aec4b8df63a5f7e31fce8cf6aa169a9dbddc7e6c3324a8072f19ce3fde1d455e041c10720f420e7f2a44b5617f1a28e3f1f4f4a28107be4d1f4268ed4727ad001477e28ef47e1400723ad07b5141ed400514507b500069b4bc7a52d00145145001451450014dfca9d49cfbd002fd68fc283463de800a38a28e7d2800e28e0d1cfa0a0e6800fa51c8a3af4a39f5a0039ee28e7d28c1f5a300f426800fa8a39ed8a31463d6800f7a3f1a31e9463e94007e228e3d68e3da8c81cf18ef4007af7f5e718aa3a9ead61a3593de6a572b6f6e839663f7be9dcd50f1078960d17c9b68ade4bdd52e4e2d6c213f34a7a649fe051dd8f0307ae2b12cfc2373a9dfa6afe2fb94d46f54ee86ca3c8b6b6f603f888f53faf5a695c695c87fb6fc47e300468703697a67437b74a72dfee27561f8815a5a578374cb0c4d71e66a575de6bbe5477caa741fcfdeba0087e5f6181818c7d00e9532460609c13eb4dbb6c56c31613c0f9557a018c7e42a58e155e76f38ea79a9000391d4fad2e3f0a96d89b2310e1c9123e0f504e7ffd5520895012bc13d49a7d2d225b63046060f71df1d69768041e33dce3ad3a8a0426075e323bd1803240193d6968a006aa8031838f7348e99e814fb114fa280b9524b75e48e0fd2a12857230149ec79cfe35a07351b202083c83d8d34cb5239fbcd0e09643716cd258dd7f0dc5b1e9f51d187b114db7d52eb4f711ead1a46ad80b79183e4bff00bc3aa1faf15b6f1e33c640e304d44f1875218060c30558020fd4771569df71dee4e9309067a71ebfe1dbdea5e9e9f856125acba71cd911e4e72d6a49c0ff0070f6ff0076b4edae9640304f4e41ed52d09aec5aa39ed49907047228e78e4d226c2f3473eb483fce28f5e7f2a005a3f1a4e3d693f3a00751914ced4ec0a005c8a41494ea0028a293e9400b45369d40051f951450019e4628cd18f6a3f0a0033473e947e147340073473ed473473eb40073eb460fd68c1f5a39f5340076e9460f7a31ef463eb400628c0a302970280138f4a38ef8a31d79a38e9c67b0f5a0038f6ac5d6b5a3612a5958422eb54b904c50938545e9e6487b28fccf41ed26b5ab0d35628608fcebfba256d603fc447566c74519049fa7722ab693a67d856579a63737b3b06b9b96eaedede8a3a051c014d2ee34ae47a3e889a799aea490ddea37641babd73f349fec8feea8e81471c56c2460606001d0014227e27daa5418edd7d69b653d36142e3fcf4a9077a4c63a714bf8d488514b9fad3739f7a33e940ac3f3f5a5fc2999a5c81ef485624a2a3cd2e7de80b0fa299bfb51be80b0fa29bbba74a4cf7a02c3f22994671494582c2100f503f2a89d7192063153537d78e0d34522bba67823a9ce3a555961392e9c37723bfd6b41d33f5a84a6723bd526526476d744f0c391c1526ae704023241e87d2b36588f2ca30ebdbd6a4b5ba1c06cf23bd0d75426afaa2f7be68f4cf341e3070307bd1ed52407ad2514bfc46800c0a5a28a006d14bfc4292801d4da75140082968a2800a28a2800fd68fc28fc28e7d2800e7d051cfb51cfb51cd001cd2fd29307d68c1f5a003f1a3af7347bd03bd0018f7a383eb471463d6800c0a303a51c741d68ef4001c0ff003fcea9ea37f6ba5e9f35eddb158605dec40e4f6c01dc93c63b93570f71dcf15cbcff00f13bd7f046ed3b4a93217b4f73ea7d4267fefa3ec29a5704ae1a2d95c34b2eb1a9215d46f546509c8b7881cac23dc672c475626b75063181d3d7b536343dce4939a940fce9b2ed61507ff5aa5e9c7a77a601818ed4fe78c54b130e3bf5a09cd1ede94641ed400bf871467da999cd2501624cfa8fce9334cf63d69718e450161d9a3345250161d9a338a675e734e140585c9f4a327ae714dc1f6a5ce3a0a005c91de8ce7bd30d1f4fce8024fe549e83b5267a71f8e69739a00434c913be3f0a7d06802bb8cf53cfad53b989b965e0fa0abee31d38151ba6fc8354994995ec2e990f9329f949c2b139e7fc2b4b1d7d45633c411f00901ba1f4ad4b77668c06e5d4609f5a1aea4b5d497eb494b9a4a92475145140051451400da7527a8a3d280168a4fad2d00145145001cfa51cf61473e83f3a33400b49cd07b51cfad001cf73473eb47bd1f85001f89a3f1a3a7d68c1a003da8c01db3467a518f7a003de9323d2968f4f53c722803335cbd96d2c765b11f6ab8610db8c7463fc47e8327f0a834db18ac6ce3b68726241cb1392c4f2589ee49c9a88917fadcb7077795660c10f3c163f788f7e833ed5a718c67000cf6ab4ac8b4ac8720079fe55220c679a6af1c9152631806a5b063b14945267de908338a4f5a4fc4d2e280b0bda938a5c628f7c5050b47149e9c934b400b9f4a6e7d6969077a003af4fc69ded4519a003a71403e99a29282453cf5a3a519a3afb50025379f6a763ae29bebeb400fc9c514ce9de9f9cd002119fc05444741d6a6f5a8c8ec3a11d29a0456963041c72474cd3ade423073f32f0735211d41eb8e2ab731b8f4279a7d0adcd1fc7de92a1b79036e84105e3fd41a9f3dfb54ec66d59894ea6d3a800a28a2800a6d3a8a006d3a8a2800a28a2800e7d0518f714b8a314009f951f88fca8c7d28c1f5a003f1a31ee6968a0043da8c7d68eb463eb4009e94b814b8a4e3da8016ab5f5c9b5b2965046e0085cf727a558e3d2b33536134d15b7040396fc39ff000a695d8d2bb22d3adc5bdac716092a3249ee4f3fceaf20e9814c8c0c671cd4a38c0a6d96d8e418e86a4fc699f4fe54fe9daa5898dcd21a339ce79a319fa7a5030c77a5c518f5028f4a00051d852d14009dc503ad2d14009dc52d27d68f7a003de8eb9f5a5e477eb498eb40073472296931400ea6fd29dd39a33412273498a5c7b9a5e9400cebc1a338f7a08f4a4a0a24cd46fc8ce7f1a507b519a00611ed9a82550464d5822a323afbd520457593ca9a29c8c0076363b83d0d699e09f4ed595205e51b386041e7fcf7abd6b2196d90b6772fca47ae2864c975261de969052d49214514500145145001453697db3400b45263f1a302801d49cd1cd2fd6800fad14514005145263de80168a4c5181400b49c7b518147e140067009c7419ac58899af269b04853b01f6ea7f335ab7327956ec73fe47359560988149ce58963ef935515a5cb82d1b2fa0c63ad48060000d340e9ed4f143062fd7a6683e828cfcbd79a424f6a9187b52fa5007714e1de8017814dce7b5068fa5001f4a39f5a39f5149f539a005fc6931ea68f7cd2fe340075e28c0ef49eb4600e79a005e9da8f5a4fa52e3f1a004cfb8a5ce28e07518a38ed8a00339a3da8fa51d6801d41a28a091bfd69a453b81ed49d7de8286e71823b53b391919c1a6e2818e4743430148f4a638e869f81c77a6903069a122adc27048ea3914fd3a4f9dd39c300c0fe94e9002306aadab79774bfecb73ef9e2ab7437aa35877fad2d1dcfb71499fcaa0cc5a28a2801b4bcfad06947e1f8500263d4d1ef4b498c5002fe54dcfbd3bb5181400bcf6a4c1f5a5a2800fad19028a4e7d2801739a4e07ad2fd693ad0018147cb46077a302800c0f6a38ef47147d28033f5893cbb26c71f29e9efc536d93646a0ff080299ad392aa83ab488a57d7273fc85588fbe3a76aa5b1ac762503bd3b3d3a67bd20fe94b8fd69310b9a6e33814a7774007d0d00720918a007631da9d8c7a518a0d2244e293b9a7628cd0033eb464f6141eff4f4a304f639c7414141c7d7d283ea76e3eb59daa78834ad1573a85fc71b9e16253ba427d94724fe154a2bed7f558f7e9d610e9d01fbb3ea20991bdc44b8c7e247d2824de19ea14fe029db5bfbbfad602681a94a435f78af5195b182b6d1c70a7e00293f993528f0dc08ab8d4f560ea7893ed6727fa1fca803633d07427a02314bd7b63eb5cf25bf882d2e3c8b4d4a1d40c2b974bd5d8cc18e4619076c632473deac7f6dea56edb6f7c37783d5ed5d2507f220fe94ec06c71d31834eae79fc67a6c591736baadb80704cda74bb47b921718f7cd6b5bdfdadd5b89e19c796dd19b2b9fcf9c1a405af4c51cf7accb9f10e916ba85a69f3dfc6b737b9fb3c6016df8ebc8181f8915a31c892a82922303dd181a0092940ebfca900ce7231ed9a763b607d2801318f4e6936e73f4a774c74a3e948088a1e0f5e29b9c702a6eb9c530a29faf6a698d31a79ee6938ee7f3a5c10083487fc9a63237ef59d27cb38e31b8647e15a4c3b7ad675e7c9244dfed60fe354868d952080dfde00d2f5c5476e736d193d40c1fc2a4e9e952661cd252ff5a39f5a420e4f7a5cf6346293f88d002d18a3ad14005273ea694d37f2a007d14527a5002d147ad14008452e31d29319a5c01400605271ed4b470680138f6a3af03d69768f4a07503df340189a91f32fed41ff009f863c7b2e3f99abd18200acfbac9d42d98745794f1ef8ad08fa0e7357d11a6c9128ef8edc53bf0a6ff5a763ae47d6a4043ce2953a73923de9319a900c7bd2130c52f7c5000e69681098e9487fce297d2aa5c1bb794c30a18948cb5c704ffbaa3d7dcf03de84064eb3e219b4df15685a2476d1ca35432f9a4b1dd1845ce47d727f2353ea1a65fea9344b2dfbd8da00fe7c368e77ca4e36e5f1950003d3ae6b9af1741269de30f07df2a11636f74d6e5d9b27cc978e9d4938273d3ad778461dbeb9a048ccd3b40d2b4b7f32cac23497bccc0bc87fe047279fad6973c9c939f5ff003c52e71477a0b13e82820f1d3341a33f9500568d31a84e4904b2f1c74c7f3ab2323804e33c60d42a08bd0482036ec7bf4a9b18ef4d80bb9bfbc69bb232e5cc685c8c162be9ea697268cf5f5a42b1c2fc48916c755f096adb92216da908ddd8602a363764f618535db496369248c5ed6124e093b067f135c9fc44815c7869e48d648975c81245900652ad90720f5aed4f04fa934084c630074c60528ed499f5a51480283da8fa51cf39a00314de99a7534d300ea393cd478a932066a3f5c9fc2843431fb5676a3fea59bfba41fd6b45fb66a8ea2336d2e3aedcd5adcb45fb239b607d09fd6a7f6ef55b4ee6d14fa806ad7bd43dcc9ee1834519cd1408290fe3f852d18f4245001fa7b514628a004f5e6968c0a28017f1a31ef451400633de8c628c668c62800c669302968c50026051903b8a3005191ed400b90681d7f1a38ed40ea28030e60df6c84f60cffceb423ec062a84dff001f31fb4ae0d5e8b903279ab7b1af42519e39a77b5273cf34a3b7af4a910631528ed9eb51f714ff004f5a4c9628a28ed45200a4e94b914da60731f10235fec5b19d8ffc7b6ab6b283e87cc03ff6635d330f9c9ac1f1c151e12ba95c2b08248a539ed8914fe95bedf78fd281223ce79a5f6fe7463238a3f0e682c3f2a3f0a3afad2f6a008e4e26b73cf0c47e629fea3b53272008989e04a07e7c53f9e47b9a090f4a3ad1ed401dfb8a0a39cf1e5b99bc32250e14da5ec13ee23a6245ff00135d41fbe71d4e2b03c6b1b49e08d64460ef5b46703fdd19ff00d96b62de513db43303c4912b0fc79a1924dfad2f3e98a4e38a38e718a005fd7da8e3d31ef47a1a4c81c5200f4f5a4a5ce693ae31eb4c069ce0e3e94d3fa5293d7eb49cf6fc284343243d3e954afb9825e718527f4ab8fcfe55475138b39b900f967afd2a96e5a2de9393a7c64e7900f3577a555d34634f8463076aff002156bea6a5ee64f70c628a3e849a303bd020a28e0628a0028a28a000d264fa8a5a303da8016931ee697ad262800c0a5c628c51400514519c50014519a280128c9ebf4a5e7b5274a00c8bd056e09feedc293f4231fcead46723dc7155f53421e6c75644901f756e7f4c54d110791d1b9abe868b545818edcd2f4fc29a9d3dc1a77d7a54b01d9e8714a1b1df34d1dc1e9da971d293024e3a8e9476a6e3afd297278a448bf85260fbd04e7a8a339a6073fe3b432780f5b03395b366fc867fa56e46fe6468e390d186fceab6ad62354d22f74e66d82f2da48370edb9719fd6b3fc27a89bfd0615b81b6f6cbfd0ef13fbb2a601fc0f041f422803731da9b8efde9dede9c5371ef45c08e59a3b78cc9348b1a0eacc71ff00eb3510bc80bc2a19b75c1c20da7e6c0c93ec31de9f756715e08d64dc3cb70cbb4e2a8ae0eb16f0acb2214590159013e6838e87da9ab587d05d4751b3b749a29275492068e6753fc285b01b8ec48233ea0d584d4ad26bc8ed5243e64c8d24791c3aa900e0f7c161c7bd516b78d353d42fe55592168a380a88f1f22ee27716e18658f03fad58b4816e6e63be7208b7dd1c2a136e03633c1efc0a2da0ba1a181d4e6979a4e3a60d2fd07e7480a1af089fc3baa2c8408cd9ca189ec369c934cf0d4a66f0c6912b020bd9444e477da2b37c6d23cfa343a2c0c567d6ae12cc328e919e646fa040c3f115d1aa2c6a11142a200aaa06300718fa5003f34b91498e9474f6a00297f1a4f4a28017d292945264007914011e739f6a4e98fa503bd04e39ed4ca233d7ebe959bab3e2c26ff686327dce2b449c6073ef597a90f33ecf063225b84523e9cff4aa5b8d1b76c9e5dac68380001cfd2a5fc73470303d074a38a83261c519028c8a322800cf4a33c9a3ae3da8fccd001451f8514001a4e3da834b400b91452628c0a005a28c0a2800a28cd140063145149de80168349da834014efe30c2338e08319f6c8ffeb556b2909853d5460fe157ee63325b3aff0016370fa8e6b2ed8849a4519018070076cd52d8b8eaac68a1c71d8f7f4a7d440e7183520a4c18ece083ebc52838a6fa8f7a70391ef498c767d3a51475a2824297f0a31e9c52500183c76c74ae5f52c787fc530eb0a0ad86aa56d6fc76497a4521f4ce7693eeb5d4552d574db7d634cbad3ae81f26e2328dea09e847b8383f502802df2323d3834b581e14d46e2eac25b0d45b3a9e9727d9aeb3c6fc0ca49f46520fd49adef4cf534009e87be6a95c12356b039e374abd7d467fa55ef5aa379c5f591ffa7823f3534d1449720b59dc86258794c307e9525ab130ee2492429c9fa524832938ebb91852589cdb29f58d0fe94fa0ba1633db9a4c9e7bd2fe34c6758d0c9210a880bb313d30324fd2a446071a9fc43ee61d0ecbaffd369bfa845ffc7aba4faf7ae67c0a1ae3469f5a995965d66ea4bbda7a88c9db18fa0455fceba6c63ad001eb451f851e9400514b91494804ed4d73d874c53f38a8b39e8339ebed4d0d0a29a4f5cd29f4a693dcd3432373804e40fad67aa7da35cb64c7102b4871efc0cfeb576439c83d0715068a825b9bcbc3d19bcb56f65ffebe69ec87b2b9afea7f0fad1f80a3d79a3d2a4c833eb467d28e3d4d19cfad001cd145140063d690f6a5a4ee7bd001c7ad19140ef4bc7a50018fad1c7bd18f7a3de80168a28a003028a3228a0028a4e98a5a004c52d145001d31ed589749f66b92790a8d8383fc0dfe078adafa75aa1a9c2ac159b3b5bf76e7d01e87f06c534ecc69d9846e4819c7d2a7073546ca567840718910946fa8e3f5e2ae03efde9b45b24ebd6807071da93df8a53ebdaa4097347f2a8c1c814fe79145890a5e98a33494005263bfe54ec7d29280391f1311e1bd6ecfc52b916ce4596aa39c794c711ca7dd18819c1243115d61046012383d7d6ab5f595bea3673d95d461edee62314a33fc2411f9f3d7b561f832eee16ce7d035198bea1a249f676661feb62233149f8ae075ce41cd023a524727903a552bff00f5f687b8bb4fd54d5df5279aa5a8f0f6e7d2e623f99c50b71965865e41ec4545a71cd9c47b9850d4c3fd7919ea4d57d309fb1c24f5f293fad3e83e85afc2b9cf1ddc4c9e1afeceb562977ac4e9610903206f3863c741b031cf6ae93d78c8c741edfd6b949bfe26df13ad611868741b169a4c3749e6f94023a6420273ef4893a6b6b686cade1b5b64090dbc6b1228eca00007e553f4e0f6a60f5c939ea7a53e8e830fad14df5a77f85001475fad1f8d349c67d48a006b9cfb0a4049e474a338e3bd1d282838e7af151b9f53c7ad3dce01e7935139c76a681152fe530c12381f38180b9ee78abda75b0b4b0860fee8e4fa9ea4fe759db7ed5a947181948bf78d9e413d00feb5b78c0c03c018a6fb0a4f4b07d71471eb46718e947b1a9203345147a0c1a0038f4a33475ebcfb51f80a0028fc051cfa0a39f41400668cd1cd1f37ad0018146052d19a004c0a5a4e2968013de97ad26296800c514514005145140062a39235963689b956054fe34fe7d051ebf950061e5adae8efc0dff2bffbe3bfe239abea73d4673dea3d4ad44a8ce38cf0c7d08e8df874a8ace632c60b0c3a9c32fa62aef74689dd1781a775f7a8c1efc53c1e952028e38fe752020d4479e9f5a7039e693024f6a3f885252e734891282297f0a3e94c04c67a8fafbd71de2b0740d7b4df16af10478b1d4989ff00960e46c73ecae413dce71d2bb1fd4f6155354d3e2d5749bcd366c7977713444fa6463f4eb40996b1c91c60f39154b531fbb43e9244df93565f81b527d4fc2160f3b66eadc1b59ce73f3c7f29ce3ae700fe35afa8c324d005850b312bce40c60e685a31a7a93ffcb73cfad56d3bfd420ec1303f026adb238937055e7b93d2aad95b4f021133c6cabbb01093d4e79cfa53be834d58b64648040c13d3e9cd727e05c5fc3ad6bee5643aa6a3218dc0eb0467cb41ef80a7f3ae8ef6e05bd85d4c58031c2ed93db033f8d637c3e8d63f00688887836c1bf13c9fd49a5d093a3efcd277a28a0627ad2f6a4fca9d40075f6a6673f8529e94d278f7342284ebd39c504f6a31d4f27f1a4278fa500213d73dbbfad55b894468ccc701464d4ee719ef54fcbfb5de24073e5afcf2023ae3ff00af5481772ce996cd143e73802493e76fc7fc055fe9de8f4071c76147152ddc86eeee1c74cd140a281073467d8d145001f811464fa51f851cfa500193e9473ed473473ed40073ed473eb473ea28fca800c03471d85181de8e3b1c5001c52d271ed9a3228016933464519f6a0033ec68cfb1a33ec6973ed4009cfa1a327d28cd193e940073e828e7da96939f6a00301d48619041047ad60cca6c350cb64c4f805b3f913fcab7bf2355afed56eed9a320123a0fe9f9534ec34ecc8e36e83a7ad4a0f41deb32c26692330be7cd84ec627e991f98fd735a4873dfa8cd36ac5b43ff009d26307af346694fad481251fad350e7d69d4122e29297068c74a0082ea530c4a54e1a47545fa934e003653271c866079e3d4d36e63577b72c3389770f638350dfca6df4ebc9d60f3da382461183f7c819dbf8f4a107433fc2f34f71a209ae268a52d3caaad0a855650e42e31c1e0633deb5fe6671b0e154e1811d7e9597e179239bc2ba54f0c11daa4b6a8c218c7ca848ce07e24d6aeccf04923b537601769f441ef9a46f9719c124f407ad37628c7ca0e3f5a5c28e7a13e94142f2012a390a71cd65f86e49e4f0f59bdccc2795d599dc003924f4c7031d315aa830e30473d7158fe1c96ea6d3e71756a96d1c5773476e233f7e20dc311d8e7231ed45d6c4d8d58a42d349139f9930413c12a7ff00ae2a6f5f7a81028bd91bab344bb89edd6a7fa9e69300a28a339e9d680187d07e34dce78cf4a713d69a3bd05074a69f4a76473d71e951b9ea73f8d342457b895638cb9e80607bd59d3a130c1b9f22490ee39e7155163fb4de2c381b1796f7ad5e3b1c0a1e9a049d95833d7a0f6a3228c519fad22038f7a38f434668cfb1a00318a3f0a3afd68fc6800ed473ed473e947340073ed473ed41ed47e22800c93da938f4a5ed45001c519e7a0c51c51de800c81464519cd191400b499f6a33f5a33ec6800cfb5193e9467da8c9f4a003f0a39a327d28e68016939a39f6a3bd001f85033f8f6a307d68f5eb40185a820b0bd8ef547ee9884947fb278cfe04e7e86b4233d0753fcea7bcb65bbb59207008606b2749998c0d6f31ccb6c7cb7c719f7fc45527745a7746a03d39a775c75eb4c423a53f3498c54e0907ad3ea3ce1ffc6a5f506912c3ae28e9474a33e940105d1d91a3f388dd58e3df8feb516a531b7d3af65ef1c0ee08f65cd5a74120643c82083f8d646bb73f67f0c5fbb02ee96ed195f52463fa8a10257762ce8d108742d3e300285b58d4281d3e51daad919ce6a3b688c3696f0b758e35527d7031407737322b29112901401f7b239cd03ea3f803a607a8a4041c3039cf00e3afe14f214641c8201248354e7b98e121dcbb2290246c80173c73f4a7605a9717aa7ae6b3342cfd8ee22e7f757b3a0cff00be4ff5ad2181820704e720e73ffebaccd2736d36a70b46e025cb4cac47df0c33c7ae0e47e1402ea5f8be7b9b87edb820fc067f9d58febcd456e8440a48f99be66fc6a5f4a4c41fce8e7bf7a28a008de81eb43f39a4fa0ed4142127be3eb55e6711a124e70338a9cfb1aa72e669e3800ce4e4fd0552045bb084c50176e1e43926ad67d68000c0e3038183467d4d4bd4cdbbbb867d3a519a38eb467da800cd2d267d8d1eb4001a3e828fc28e7d2800c9f4a39a327d28e6800e7da8fc28e68e7d6800cfb519a39f5a302800e28cfd28c8a38f5a00314b9a4c8a33f5a0033ed467d8d19f6a327d280169327d28c9f4a3b500068a393e9473ed40073ea28c9f4a39f51473eb40060fad1cfa9a31ef463dcd002f391ed585a82fd835886e547eeae711c98ede87f3adc154f57b2fb6e993420e180dca7d08e69a76634ecc5438ea7a5483f2aa1a65d1bab2866200761865f461c55e07f0c5368b638f6352e7d85447a5381e077c8a901d4528a3d69122562f8991468f3927895a353f50c3f9d6d7ad63f8aa26b8f0d5e46a18b9d8405ebf7874a6871766875eeb090dfa585aaf9f792638504ac4bfde73d07d3a9a82d62b98dae279e79e579c8882c8766d1fdec0e82af5bc31ac6628c8d8a76b00bf7df1d4fb7f854ef0a4c420628e00ce47de1ef4d683ba42aa46b0470bfef0600008ce71fe7a9aa9246f722e2d6e21885bb70ae08e5bd08ef542e6da653246969abaa6ee12da74dac3d896c807d322b461d36258ade4923788c498585a4ddb4fd73c9f7cd02d11069a2fed2c5bcd28eca772c59dc540fe107b93dab374d6864d7f5536b001f6a8a19030639e721b729fba411d0574526442e5480402db80ac2d3a007c56750455d977a7abb60e7e756c1f6e847e228e971e9ab3a338071d80c0f7a5a683d3b93c9fc69d9f5a44851453738fad00309ce7eb41e31499ea08e7341a0a2373e951d82192692e0f217853fce92e64f2e1639e40c8ab36517956a8a46091923eb54f613d1163238228cd1f538a33e9524064519f6a33eb450019f6a3e828e7d68c7bd00193e9473e9463eb473ed40073ed473451cfad001cfad1f5347e3473e99a003b51cfa9a31ef4b40099146452fe1499f5a003228cfb519f41464f7140067da8c9f4a393d28e476a00327d28cfad193e9473ed40073db1473cd1f5a39f5a003e868fc68e4f7a3bf340063dcd183471ea68e3d4d0018a51d40ec7ae693028c751401cf588fb16b17f61d11f1711afe8d8fd0fe35b087be7e9ef595ae27d9756d3f5203037f952b7fb2dc7f302b4d38fc33c553d55cd2f75725eab8a54ed4d1c8a727de352c09339e692806973412379a8ae937dac8a7be07eb5374cf1cd3240a50eefba3923e9cd0868a96b3994cc0f556da41f719a9ae0b240cea01745c8cf7c567e8f234a2e811f3090315f4c8cd5f94b04e49c1c827f0a6f7b14d6a1b9de34292ba0600850a18faf534c8dd9eea44206c40b83ce79e79cff004a8ada463616e5890db0039e0f14aae7fb4a61938f90e3f0a2db8ac4f72e638267070514b63d703355749450edb4280012001d15b07f9e6acdcc61ad6e140e5a161b8fd2a8f87a413e956772bbb1240aa430c138e28e809e8d1ade98a3e949cf1c53e9122534e39e94ff00e74c3de840307539ec2909ebda9477e3a52391d39f5cd328a9703cc92287b48c09f703ad6a0e303b62b36dc6fd433d422f1f8d6950c993e81f951cf7a28f5cd22439f5a28e3b51400514514005181e94668a00314605145001f8518cfad1f8d1f526800c7b9a38f7a319e84d18140067a51d3a5145001e99a3e991473ed473eb405839f5a0527e34b9c5001cfa51f5a3afd693a71cd002f140c51d68c5001f8e28e33eb49fa528ef40064519a28e940071ef471e868cfb1a339a00cdf105b7da7469940c95f987d473fce92c66173670cd9e5d413f95684882489d0f3b9483ef585a0122ca4b62726da568fe9ce6a96a8b8ec6c039eb4e1907de980e7fc29de94863f347e3494fc5200c03d6a29b260900cf2a47e9525324198587a8340197a4603dc2e0676c6c4e49cf0474fc2b4651fbbc0eb9fe9597a6c30a6a124ea5c49716aa0e4f04292381ebcd6ac83087ea0d53dc1ee52b372fa7c24f2791923d0d2f1fda07dd50fea4536d41164a0ff0b30fd4d3cf17e38c16881cfd0d3ea32e800be3ae4106b1bc30f9d1ed53901432853db6b62b657fd60fad62f87c2c7661172025cccb83ebb89a4b664a36f3cd3a93dcd1c7e35231d519e869d834d7e470714090d19da4d32427d793c53fb1f7a8a53804e7a0aa1a1ba700f24cf8c65801f855faa5a58fdc6f3dc93f9d5de2a5ee4bdc3a51eb47078e68a090ebd8d1f851eb47d6800c7b51d31d051da8ce28001ed460fd28c93d314734007eb47e1460fad1f8d001834628c7bd18f73400628c0a31462800a33f5a38f734139ed40051451400868fa52d140060f7c514514006714506933400bf951f4a28a0033473460f6a39f6a004e9de97d4518ef8cd18f4e2800079fa62b9eb3c5bf89353b4c63cc549d47af507fa57438ed581aa036de28b2b907093dbc91363d8823fad35d8a4f535411d739e3ad3f38a8d7690318c1190453fa8e7b50c6c78f6a78a8d0f407a8e94ee7b9a4c618c75a423287b714a47ff00aa931c1cf4c50064db48239b4f0c17f7a6584b11f32f538cff00c04d699398f3d4f031f8d64b9d9611cd803ecd78af93e85b07f4635af2708dce003fd69bdc5d4a5678fb1b01c813c839fa9a749c5eaf3cb42703d304525a8c4120e389dff9d129cdcc4e060f94c3f3229f528bbc065192791ce2b1b4652af7699040d466c7b679feb5b44f23af51585a3922ef530ca06dd4a4c67dd41cd0848ddff0a39a5f4fa51e952027bd349cfe14a72334def8a000f000f7eb552f1f1039070482a31ef569b9e49c55471e6ce919e02fced548117ace3315b46a40ce3923b54d9cd038503b803228e3df35266ddddc3347e14b450027eb47e147e14bcf6a004e7d28e7da8e7da8e7da800e6979ef451400521a5a2800a319a28a004c0a38f5a5a280133e947e3467da8c7b50019a3347e1471400668cd18a38a02e19a33477e28e680b86693ae297f0a393da80b873da8c1f6a28c0a02e1d3ad181e9463d28c7af340071ed474ee297146280138f5acdd6adde5b169add4b4f065d00eadea3f11fd2b4bbd283c8ff0038a13b6a09d9dccad3ae56e6ce39633942060e7a7d7dc74ab83d8d64c118d33599acf00437399a1c7aff0010feb5a61f81cf3ed54cd1ea483008f4a940c7bd439c8047ad3c3e79e454b01fd29a7bff009ef4ece7d69bd8d08932921fb469f776fd3ccf3147b1ea2addb4be75847291f7a305bea383fcaa1b1fddbcd93c79c48a7d9831c7716fff003ca4247d0f22a994d0cb65c47719c9fdf938fad2cd813c00742ac0fb74a6db9c7dac1cff00ac0463b640a74d8125be4e4e080476e281f52e63a020e46322b174f76fed7d55370216f54818c63318ff0039ad9ce40c64640c9ac381c278a3568720e0c32edfaa91fd2921237f3d0fb507b5191818c5191d476a4023918e78a68ea3d450493c0e69338e0649c76a006b9c83c0e78a86c93ccb9925ea37607e03fc689e5098551ba463855ce33562cadcc30edce4afeb9a7b213d1167dcfd68cd2d1f4a4405149e94b400514514009de8f5a5a2800a28a3f1a0028a4031de97ad001452629718a00319a4c0a5a3340099fad19f4147e3473e94007a51f80a3bd1cfb50019a28e7da8e7d6800e7d68c1f5a39f5a31ef40063dcd18f7a31ef471ef40063eb4605181471e94006052f02938a38ee05002e47ad191eb49c74a3a74a00323de8fa51475f5a00a1aad89bdb7531b6cb884ef89fd08f5f6355ad6fc4d31b69b105e019689bf88772a7f887d3915b1efcfaf1deb82f185eeb5a7dd9bd926d36cb4fb720db5d3d9b4ef192319c93852738c01d3d69abbd0a4fa1d8ac9c649207a8ff39a911d0e082a49ee326bc924f1ef88d89107886d180c609b10b9fa8ce466af5bf88fc577e8583daca14e03152bb8f5e31daab91f51a77763d3c027a609f6a701c11820e3d4735e6d0a78aee1d45c5ee8d692b93b15c3bb74f40718ab4fa6eb689fe93acc4ca01cadb5b7f2c9a393ccbe5b9d8dadb3f9971b9193749b958907754be5c515e306750278f072dce47ff58fe95e7f268aafb45d5fdebb1190b90b81ff00d7a85f45d1a38f73457b385ce588ebdb83de8e47dc4e2cf401369b6ed33c9a8db28721b9980c6063d6abcdacf87c6d2dae580d993ff1f0871f91af3a96cbc3b16d45f0bcf2ed18567039fae7d6996f71a1ef516fe1011bb671b2546dbdb903de8e462d7b9e929e27f0e380abae58938ed3af3fad648d5b4c3e25b8d423bd80db5cdac68270d9cc8ac7e5fc8835cd456f69708c46896b123b00c1d41cfb902aec5a4e9f70ec66d2a0018619bcbf99bb75ec3154a090d47a9d79f126868c13fb4a12dcf00f4fad3cf88349380b769216190a1873f9d731ff0008be852021b4c89890015033c7d6a69be1ff0084a44225d25540eea4ae33ef52e290729af278b7434c86ba4ca9e417031fad553e36d12542d6fe7dcaaf5fb3a173e9d0727f0ae2bc41e1bf0e6993a5b5940cd215f9a391436d1db903a7d6b9cb88e084036f98760c12871df1c60e6ad4135725bb6e7a5b78bd7ed5fe8ba6ea2caa1de559ecda3728ab9c26fc024fa6726ba5d1353b5d6f49b6d4ecc482dee537c6241b5876c11ea0e464647a12306bc5356b9d42f3c17a4d97daae8b6a17a6261339248ce0601ed9fcebddedada0b2b68ad6de3090db46a91a8fe100600fc80aca4acec293bd89baff003a5a3f9d14890c7e545149cfa500193e94b49cfb52d00145145001451450014514500147068eb4600a004c0f4146452f1de9322800c518f73476a3d2800ec28a3145001cfa8a39f5a38f4a3d6800ebc8e28c7bd183eb463de800c7b9a28c7b9a3d4d001c518fca8eb8a302800e3b633471dcd18147cbed4006451914645191d050019a33ed4668cf4eb4007be0e7d6b03c6da6aea9e0bd4ed4edcf90ce0b1c004739e3b719adff005e6b2fc4b2cd6fe19d4a6b7576956dd8a851924e3b0a16e0782d8ddabaf99fbc27680191400f818e33c81f5e6ba4d1ee27124496ea91a29057ed372001cf703afd2b91b49f4f9b0b25cc3239192be5b0e7f11d6ba2d2bfb0a4706ea693200c2a46463e8715d4b5409d99e8f0dddd46855ee34d6727962d8fc81e471c52c9a9db824fdaacd38c052471f8f735cc21f0cc3cb24ce73c332e7f9d3fedda3f021b591fae5b6702a52d4dee68dcebfa3a6167d4ad15d4e49c31cfe238eb546e7c51a6a0675bc81c28e7009fd2b32ebfb34c65ff00b0eea500e030079fc2b28dc4037797a528208077c8495cfa81549244b933566f14da9185f3487feec7961f81ed54d35fb48e6628ac9230e37db6c67fae381544c8e7722e9eab2a1c3623276e39c7bd115b6af72994b0605b20a8b5231f9f35565dccdc9dcd88fc516b1c3b9ed6f496e331807f4f4f7ad2b1f105ac84a6cbcdca324b907afd0d63d9f86b51ca97b431ee18241c67eb5d0dae93f6704c8107620803f5a4ec545c9ee5db7d561080c76b3946c9391c8fae2ad9bf84c240b3ce08cef1bff43dea0fb4d95b0459af618cafa36411ef51cbe29d12df3e61b976030a6da12e0fe18c8a87635bdb7286b1235f4271a67904824dc228f948fef73d3dab85ba4b93b8c932839202ac60671df9ed5d96ade39d36480dac16570a2423cc69136eec7b572697326bd746c74fb533cd293b44f288c03ea7fc2a93b2d4c64d37a13a5badc693e15bc491cada6b0b6d38627764be431f4c81fad7bc9fbedf8579be8df0ef521a12d96a9a8c51996fe3bc9bc95dc4edc7c8a7b7207cdcfd2bd1f3c938c66b99b4dbb12fa0b4527d68e79a401fad2d1e9da8e9ed400514668cd00273eb4b4983eb460fad002d1451f5a002929693bd002d1473eb499a005a28a31ef400945028ed40051463de8a003f0a39f5a33ef460fad00183eb463dcd18f73463de800c0f7a38f7a31e9fce8e7be2800c7ae28c0ed471ed471ed4005191471eb466800c8a5a28a004e9ff00d6a3f0347d051d7b5001f973eb5c97c43f13def85b438ae2c6157b9b99442aee3e48f8cee3f9575a7f4ef54f52d32d357b33697d02cd11e402338c743f5a16fa82dcf0b9752d5b537f3f56d5219d8f5650a303e8a315afa6df6856d81756cd7cfea4951f80ac2f17dbb689e28b8d321861b78630b24584f99d0f76c7439fa7154ac6f6dc4c1ee834ea083e420ea3ea6ba53bab20bd99e8d6de26d122252d3c311091bd64539fc3ad5f4f105ccd810688aa08c6d51ffd6acbd2fc4d676f0edd3fc3d6f6fc72f311b8fe40d693f88f5bb8c086de140c0702327f2cd4d9dcd934486fb542491a5a83d002f8c7e54c7fed824b0d2f4f43fde964033f8e33f9d5296e35eb90434f3839e42491478fc49accb8d05ae1cc97860600f1f6ad58fcdf82f1c55584df6356e351bc88309f5fd2ac8a800b04071f8e6b365f115b16227f1dc6dea618c7f3aa074bd02dc057bff0e42ea3277c2f7057db04f3524775e1c831e5ebda792780b61a17f23cfeb45b521b64ff00dada2499dde24bb9c7f79413fc855a862f0ecc4037974e48fe28e539fd314b15d5ac98f2ee35db9381854b548bfa74ababb9f2c747d65c11c34da81404fd01a1ab169b268b4df0e900933100f558c8c7e26a792c3c3ce8c9b35003182d1c853f5c8a625bb3960da7c31b6067cdba67dbf5cd2cb1dac433717fa6c471d941c7d7268b2299c96bf65a2c3262c5aedf703b96560d83f5e6b274af085febf750496c90dadac72a33cb7126c3c73f28c64922bacbcd4f428f246a315c49dd618c003f1ae72fb53b39300095dc711aaee39c9f41c927b629b49ab18bd19ee56c54c2b12e06c0001907a54bf5fa7d6bccfe1a68badc7ab4da9ddc377636210a476b74c4b313df0791f435e9bf8f35ccd24f4130c5149fe4d2d200a5a4a2801296814b40099fce8e7d293afbd2d0021a3bf14bcd21f7a005c1ef46d1e945140052631d7bd2d19a004f43451f88a3f0a0033fce8ed47e028f5a0039f6a3d68c0a2800c8a31ef4518ce39a0031ee68c518f73462800c0a3028c0a383da800e28e3da8e3a6297028013228e3d696932280168a4f6a5a004cfb5193e94b47a500272719e2b27c41ae5af86b469f55bcc98a2c611064bb138007d491fa9ad6f4accd7b44b1f10e932e997eac61930c08241520e4107b74a011e41ab789754f14931ea165636f096ddb44796f652c79247b559d36cb4a8c2b5cde476c0600558c161f9f415cff8a74d87c33af4da4081dca2f985a494912ab73f28ed8e413ec6a0b2bab7322ee1040b90588049c7d6ba62d5b40bd99e990ffc2351a90353be9075e1c007f2152c93683c0482e640c080cd23564e913784b11910df6a12b2804293b463db2056caeb5a641f2dae8aa9b49e1dc52d7a1b268ab29d0dd006d25674e08529bb247b1eb507d9749138b883c2b134df78ca2dc2e4fb0ed5665d7ef38f22de0819b80cb1b3e3f002b3a57f10df91e5dd6a4a84107cab2d99fa1269d9b06d762f813260c1e1e893d0bed5eb47dbb55405561d36d829e01916b19fc25a95e102e46a929c7496f163fd01a44f0169d1bef9f4eb54cf25ae354cfe78a76eec9e6ec8d7371a9498326a9a7c67fd99052a5acf71f7b5ab50ec31b924fe5cd508bc3de1db7501db43800cf5264feb56a2b6f0d46176ded9bede8b069a49fc09a4ec8a4df52da68314817cfd4e32a7820be73f86699278574774cb6ab631039049b757c7d09ab50dbd91e60b6bc76619c88027e5530b2999c18ec1c120a8334c171f5201c0fc295bcc6ddce2fc43e1fb2b28d1a1d56deed5b801620a47d31dab926b092eae7ecfa3b5cdcdf02362c2a720e7a839e307bf6af4ed4b4db7527ed2f668d8cedf38be303f0cd73b2ea62c322cf518e22470d6f18047d0f735564d58c64b5b9eb1a07db1343b28751666bd8e141705ce72f8e79efcf7ad3ff3c5790f81bc4baeeb1e2882d2def66beb58f2d732ce0058d7d1481c93c75af5ee39e38ce6b99ab31681f5a28edc7f2a290051451400527e34b8a314007b5149de9722800a314519fad0019a33ed49ef47ff00ae80173ed49f852d14009cd2e28349cd001cf6a3bf3473473ea2800cfd68fc28e7d68e7eb4007e1463eb463f0a31ef40063eb4607bd181462800e3d28e9de8c7bd1c77c5002fbd147d28a0028a28a004fa668ed4b463f2a0028a28a004ed50dcdc43676d2dc5cc8b1c10a9691dbb281939a9ff003fc2b2bc45a326bfa0de69524ad12dd215f3179dbdff001e474a011e55e2ff0014f87fc5b3136fa1cd7122e156fa4c46428e703b91927f3aa7a4f871ae4298ed6050075738fd3b9accd6f49bbf09ea034dbed558cc1432a456e0029c80c1bf0e9daa1b7bc8e490299eee4e4004b9eff4ed5d316ada0697d4f48b4f0cf94aa24bcd2e34001da1338fc73578585bdb800eb96c80672b1c6a3f5ae5f4cd134e118b8bfd6ec2d97380b8dec73eb93d6b7e08bc316f80b733dc7fb491614fe9436ee6cac4ae96a07c9e20b98d98f2d110bf97154ae61d39c833f88f537641ca8b8c67f102accb7da5007c9d35e4ec0b90335426d5e65f96d74ed3a00382d2c80e0fb01d684983b10bdb787df1ff00210bb63d4798e49fca98963a1ef3e4786ee9df390ceadcfe26892ebc4b71811ea305b67a2db5a173f9e2923d23c4f744197c4dabb0ecb1e9e571f89e28d486d762ec56f32026d7c38b139ee631fd6ad4635f38d96b1c298c11b718aa91f83b599577dc6b5aeb81ce0c891e7fa8abd07845ed8b34da8dd2b0c7cb36a67f5006295d14987d97c45375b865e7036e0557b9f0b7886e908699d918739bd299fae05690b0b684321d5464761333e69a6cede5c8513ce49c724f3f4c9a2dd8a6dbd8e2f57f06ead650f9b3410f94a71bbed6643f8e7b571f7f0f94ccb25e40a429da5707f2f7af52bcd027bcdc52ce4d8a39dec5147d79e6b9b92c069932cc963a7895325401b80fc4f535495d6e6324cefbe1a4d7173e0ab39aeed62b79ce4612111e501c03ef91839ef5d7fd715e3765f1175ab4d56d20912d2f16e2658542828fc903823838cf4c62bd94f53fcbd2b9a4acc4276a5a38ef471da900514514007e1452d2500276a3af7cd2d18238e28013bd2e0fad1e80d19a004ed4b8fd68eb450014518fad18a003de8c0a4c8f434b40098cd1d3de81de8fa1a00307e947e268c1f5a39fad0018cf73463dcd1f5cd1806800c0a3028c0a302800f97da8f97da8e3da8e28017e9451f4a2800a4ef4b462800a28a4c7b5002d145140052633c0ef4b54f51b592f74dbab58a76b792e2178d6553f70b02030f704e7f0a00f2df89d7de1bd67508123d651afacd590456f134bbf279562381823d7239ae474dd1d6e64096d6f348f824316db8fceacc5e0df185891671786e70c06c2f1bae1b07960f9c0cfbe78aba740f1269c989ed6c34e52324dcea2993f420f03dab7849256159b66ae95e1b6b520fd9191811965909c67d4e315ba96ad1863f64672bc12cc4febdeb89fed1d42dff75378bac6da303958a432e3e840e4d4d15fadd000f8935fbd24f29690edcfe9c55b6cd534b43b0922d486e30697649ce332c7bf3f99a849f11041b64d2ac47236bdbaa9fe7d2b121d0cdda6f6f0f78b2e8301feb6f52307df93533785a35cedf87da8be4fdeb8d4d0e7eb96a9e61377e84f7373e250849f19e9568a060a92a0fe0055469a43937bf138ec001220901c7e005591a1dfa9020f0169e8e072d35ea163f5e29dfd9be238c0107873498d7becbd8bff0089a2e82c66bc9a104ccfe26d5ef8e70426f20fe03d6906a1a0c27e4d1f56bb7ce4b188f3f51d6b5459f8b10eefb0582bb1ff009fd03a7d16a78a4f13c672d6ba3efea59afe419fc863345ee52466c7e21b88f78b0f0a5fecc0c798846dfa014f7d7fc7b2022c3c3725b923ef0b6dd9fa126af1d63c5f6c0b1b0d29d179da2f49cfe7556e7c7faec28049a6598600e025c92a0f6eb42bbd84daef6326e8fc4091f7cd6b7e8139194031f519c1ae6efadb54049beb9c64ee60f20079f61d2ba8bdf1fea52a14beb49e25c7fcbb10c3f32718aa1a55af87fc55acc5a7476be215b89f2ce636855517fbc723a03f4fc686ecb5336977b9d47c1eb2d327b7bbbcfeca845edb49e5ade28660c0fa6ee847438eb5ea7efd73deb97f0e7822dbc353892df58d5ae9554a8867b806119ea7600067dce6ba7c6339fcbd2b9dbbbb83168a414b9c5001452668f5a005a28fc28e7b5001d68a33eb466800ee293147bd2fb5001fad264d1d696800e94527b76a5f5140052d37278a5a004a39f5a3f1a39e6800c7bd1c7ad1da8e9d6800c03460518ce68c0a0030297a5271e9471400b81460514640a0028cd19cd140075a28a2800a4fc2968cd00273e828e7da968a00334868ef477a004e7bf2a46083cd789f8dfe19cda4ddcda9e8361f69d3e5f99add572d6e7bed07aa9fcc74af6dfc4834bfc278073d47ad09db503e65b7beb7b2c24dbed5863e468ca11f81eb5b36be2516e5516fe3ca9255b7e33df9f6af73b9d2ac2eff00e3e6d21949e85d01fe7d3f0af23f16788b53f08ea1f65b8f0a78710cb931cab6c5c151d33d39c76ad5546902496b70b5f8816d1f335eaca003d643c7d01ed57e1f1ee973006305c8e846703f3ae2e7f899aacb8034ed1a100e0186c01c7d326b12efc437fa939f32ec92c47096e89fca9aa89ee87ccd753d35fc6da6a03b6191c0ea14ff002aaf278e55f3b74c7403a02c39faf735e6064b91826675ee3e41fa0a64924a5943dd3924919229b9aec2737dcf4e7f1928e059ed5c71c8e7f0a80f8baf26c9b5b09e73d36c5097c7e42bcdbf7bb80591db7762703f327ad2c5aa5eda9c5bde5d42471fbb9caff2a5ed57441ccdf53d0ccde28d47020f0e6a8e3d5ad8a83f9f18a68f0e78cee0803c35701fbb3c8883f9d70fff00095788381fdbbaa6d1dbedaffe35d87c3eb6d7bc59ac79536bbabc76310ccdb2f2405bd81e9fd79a9f6afa06fb9a169f0c7c5577379770d6964a796209933cff00315e9be13f07e9de11b374b60d2dd4f833dc39f9a4c7f20327815b56f12dbc31c285b6a2ed5c92dc0e3927927dcf5a9fae6a1c9bdc34e814a28a4ef4805a28a3e9400376a3d68fc78a2800a334525002b76a3be68ebd28e7d68013b77a5a4cf5a5c7bd00274a5c7bd18a2800c7b9a4a5a30280131fa514b494007e3460fad1e9463de800eb463d28c518140063d68e3d68c0a302800e3be28c0a38a3205002e40a320d19068ce2800a29334b9cd0019f6a29296800a4f5a5a383400514514006286ed4514009f4e9463eb4b9cd1400560f8afc376be27d224b3b94cbe098d88e41ff00115bd49f89e0fe54204eccf93355d32eb47d427b0bc529710920ff00b43d41ee08ff003d6a87dd2739e3b11d6bdebe20fc37bef156a715ee99a85b40ea855e29d08c1f50c013cfa1e9c91d4d72137c18d62ced5ae6e6786e557ac3a782f211edbf6838fce96c16bb3cf62de501c12990b9c8efeb9a597700876381b8609039fa57510f87b4106482e35e9b46b84004906a9a790dd7191827b76a99bc2be1bc844f1ee9cca06e2cd64c08c7a7f867f0a6aef4069a38c91b0082ac06ec8c9a842160480481e95d5a699e1e86f22852eee75b8d8005a102dc2b93d32d9ce6bb9d13e19e9bad1713e892e9d0aae3ed0352f31cb919e142e38f7349a686a3a5ee790db5acd777315bc085a59182aa8072735f4cf81bc303c2ba04366cc1e761ba57c6319e71f993589a2fc21d0346d5a0d4a2b9bcb87b760e89232edc8efc2f3cf6e95e807d4fae47b534213d78a5a1bb51400b4949e94b4009de8f5a5a4fce800ef4b4829719a0033e949fce8e696800f7a29338cd2e680131fad2d275a5a0028a39a3eb4005147e3450014514500252e3349fe34b400628c668a2800c628e3bd1470680138a5e3b527028c8ed400b9028c83499f4a5a0028a28a0028a28a00293d2968c50014645149f8d002e4527f2a38f534b4009da8cd2d275a005e7da93bd2d21fd6800e0e32338f5a3f13f5268c518a00ad79a7d96a29b2f6ce0ba4c6312461bf9f4aca1e05f0a8de7fe11eb162fd77461bf9f4fc2b7b1463d850065d9786f44d3c05b4d1aca01907e58075fcbafbd6a000000000631b4718fc296928017af51451fad1400514514009de8fc4d2e7da8cd00147f2a3f1a2800fc68c8a28e94007ad273466973e940098a3d4fe14bd39a4f6f5a003b52f4e293b52f7cd00145147d6800ebd68a31e942f7a0028e7d28a28013f84fd69693d696800eb49814b49c5002f1de938a3228e2800c8f5a3228c8a5a00319a28a3a5001f8519f6a4cfb52d001451450026714bd3145271e9400b451d7bd260fad002d1463de8a00293a52d14009d28fd29693de80168a318a2801334bcfa51ed4645001482968c0a004e9473ef47afd696800a5a4a4e3b9a003b52e28a33400628c51cfa519a0028a28a0028f4a28a004ce734518a5a004c51e99e94b4500274a5ef49fce968013d6968fc28a0028a28a0043f78ff9ed4b45140094b45140051451400514514005145140051451400514514005251450014b4514005145140051451400527f8d1450002968a28013d28eff008d145001da968a28013d2968a280128a28a005a4ee28a2801d4da28a005a28a2800a28a2800a4ef451400b45145001eb49de8a280168a28a0028a28a00ffd9, 5),
(2, 5, 2, '215', '\"\"SE REPORTA DA?O EN EL  TIMBRE  DE LLAMADO CUBICULO  15\"\"', 'Otro', '0000-00-00 00:00:00', 'Finalizada', '\"\"Se realiza validaci?n del da?o del timbre y se encuentra que esta desconectado internamente. se desmota y se vuelve a conectar y se deja operativo.\"\"', '0000-00-00 00:00:00', '0000-00-00 00:00:00', 0x424f4d42494c4c4f2e6a706567, NULL, 5),
(3, 5, 1, '101', '\"\"Bloque del equipo de llamados de enfermria\"\"', 'Otro', '0000-00-00 00:00:00', 'Finalizada', '\"\"Se realiza validaci?n y se encuentra que el aplicativo se encuentra bloqueado.\n---------------------------------\nSe procede a reiniciar el equipo y ejecutar nuevamente los aplicativos correspondientes, se realiza prueba de funcionamiento con resultados satisfactorios\"\"', '0000-00-00 00:00:00', '0000-00-00 00:00:00', NULL, NULL, 5),
(4, 5, 2, '215', '\"\"SE REPORTA DA?O EN EL  TIMBRE  DE LLAMADO CUBICULO  15\"\"', 'Otro', '0000-00-00 00:00:00', 'Finalizada', '\"\"Se realiza validaci?n del da?o del timbre y se encuentra que esta desconectado internamente. se desmota y se vuelve a conectar y se deja operativo.\"\"', '0000-00-00 00:00:00', '0000-00-00 00:00:00', NULL, NULL, 5),
(5, 5, 1, '101', '\"\"Bloque del equipo de llamados de enfermria\"\"', 'Otro', '0000-00-00 00:00:00', 'Finalizada', '\"\"Se realiza validaci?n y se encuentra que el aplicativo se encuentra bloqueado.\n---------------------------------\nSe procede a reiniciar el equipo y ejecutar nuevamente los aplicativos correspondientes, se realiza prueba de funcionamiento con resultados satisfactorios\"\"', '0000-00-00 00:00:00', '0000-00-00 00:00:00', '', NULL, 5),
(6, 5, 2, '215', '\"\"SE REPORTA DA?O EN EL  TIMBRE  DE LLAMADO CUBICULO  15\"\"', 'Otro', '0000-00-00 00:00:00', 'Finalizada', '\"\"Se realiza validaci?n del da?o del timbre y se encuentra que esta desconectado internamente. se desmota y se vuelve a conectar y se deja operativo.\"\"', '0000-00-00 00:00:00', '0000-00-00 00:00:00', '', NULL, 5),
(7, 5, 1, '101', '\"\"Bloque del equipo de llamados de enfermria\"\"', 'Otro', '0000-00-00 00:00:00', 'Finalizada', '\"\"Se realiza validaci?n y se encuentra que el aplicativo se encuentra bloqueado.\n---------------------------------\nSe procede a reiniciar el equipo y ejecutar nuevamente los aplicativos correspondientes, se realiza prueba de funcionamiento con resultados satisfactorios\"\"', '0000-00-00 00:00:00', '0000-00-00 00:00:00', NULL, NULL, 5),
(8, 5, 2, '215', '\"\"SE REPORTA DA?O EN EL  TIMBRE  DE LLAMADO CUBICULO  15\"\"', 'Otro', '0000-00-00 00:00:00', 'Finalizada', '\"\"Se realiza validaci?n del da?o del timbre y se encuentra que esta desconectado internamente. se desmota y se vuelve a conectar y se deja operativo.\"\"', '0000-00-00 00:00:00', '0000-00-00 00:00:00', NULL, NULL, 5),
(9, 5, 1, '101', '\"\"Bloque del equipo de llamados de enfermria\"\"', 'Otro', '0000-00-00 00:00:00', 'Finalizada', '\"\"Se realiza validaci?n y se encuentra que el aplicativo se encuentra bloqueado.\n---------------------------------\nSe procede a reiniciar el equipo y ejecutar nuevamente los aplicativos correspondientes, se realiza prueba de funcionamiento con resultados satisfactorios\"\"', '0000-00-00 00:00:00', '0000-00-00 00:00:00', NULL, NULL, 5),
(10, 5, 2, '215', '\"\"SE REPORTA DA?O EN EL  TIMBRE  DE LLAMADO CUBICULO  15\"\"', 'Otro', '0000-00-00 00:00:00', 'Finalizada', '\"\"Se realiza validaci?n del da?o del timbre y se encuentra que esta desconectado internamente. se desmota y se vuelve a conectar y se deja operativo.\"\"', '0000-00-00 00:00:00', '0000-00-00 00:00:00', NULL, NULL, 5);

-- --------------------------------------------------------

--
-- Estructura de tabla para la tabla `roles`
--

CREATE TABLE `roles` (
  `id` int(11) NOT NULL,
  `nombre` varchar(50) NOT NULL
) ENGINE=InnoDB DEFAULT CHARSET=utf8mb4 COLLATE=utf8mb4_general_ci;

--
-- Volcado de datos para la tabla `roles`
--

INSERT INTO `roles` (`id`, `nombre`) VALUES
(1, 'Administrador'),
(2, 'Usuario'),
(3, 'Auxiliar');

-- --------------------------------------------------------

--
-- Estructura de tabla para la tabla `usuarios`
--

CREATE TABLE `usuarios` (
  `id` int(11) NOT NULL,
  `primer_nombre` varchar(255) NOT NULL,
  `segundo_nombre` varchar(255) DEFAULT NULL,
  `primer_apellido` varchar(255) NOT NULL,
  `segundo_apellido` varchar(255) NOT NULL,
  `numero_documento` varchar(255) NOT NULL,
  `correo` varchar(255) NOT NULL,
  `contrasenia` varchar(255) NOT NULL,
  `rol` int(11) NOT NULL
) ENGINE=InnoDB DEFAULT CHARSET=utf8mb4 COLLATE=utf8mb4_general_ci;

--
-- Volcado de datos para la tabla `usuarios`
--

INSERT INTO `usuarios` (`id`, `primer_nombre`, `segundo_nombre`, `primer_apellido`, `segundo_apellido`, `numero_documento`, `correo`, `contrasenia`, `rol`) VALUES
(4, 'Sebastian', 'Alfonso', 'Castellanos', 'Carvajal', '10212434', 'Sebastian.castellanos197@gmail.com', '$2y$10$2SDdZuu6.DMvZWHnKAbkh.0dMqN5Pugehtvv17ATnVcRmWGznFYqe', 2),
(5, 'ADMIN', '', 'ASDSD', '', '1321321', 'ADMIN@GMAIL.COM', '$2y$10$KoUDhWuw3k844VYrIT1.OugoabHShkxlMuurc9a4BaPPnAcccerfK', 1),
(6, 'JUAN', NULL, 'SADS', '', '3213', 'JUAN@GMAIL.COM', '$2y$10$FTT9.620ys9Z/zI3c51SHu6fihLXi1DNU532cUGZK9r0zpNm6PK1O', 2),
(7, 'Sebastian', '', 'Castellanos Carvajal', '', '2101', 'wigeta12345678@gmail.com', '$2y$10$Eo01hLIfZWvNRNvcSKWaB.X7u4/cN2BbEa.I9K3Y9esJDZddLYOZO', 3),
(8, 'SEBASTIAN', NULL, 'CASTELLANOS CARVAJAL', '', '213123213124124', 'scastel93197@universidadean.edu.co', '$2y$10$UUHOZWO2DDHvfb457nriXOc55amIA9igNLaCQmbGOglwoO5b8s2Ii', 2),
(10, 'Alejandro', NULL, 'Roa', '.', '0', 'alejandro.roa@prueba.com', '132456dsadfgdvy45f4w6w3512', 2),
(12, 'Brandon', NULL, 'Sastoque', '.', '01', 'brandon.sastoque@prueba.com', '132456dsadfgdvy45f4w6w3512', 2),
(13, 'David', '', 'Salazar', 'Romero', '012', 'David.salazar@clinicanievaellago.com', '$2y$10$HIhK8n/sCOYvoKP6ITmSXem72PGUJhjnKtcTBDPZ/xB1ggfb2wngm', 2),
(14, 'Jesus', NULL, 'Gonzales', '.', '0123', 'jesus.gonzales@prueba.com', '1234dfdsfser6512', 2),
(15, 'Johan', NULL, 'Cañon', '.', '01234', 'johan.cañon@prueba.com', '1234dfdsfser6512', 2),
(16, 'Juan', 'Esteban', 'Ramirez', '.', '012345', 'juan.ramirez@prueba.com', '1234dfdsfser6512', 2),
(17, 'Marktin', NULL, 'Castillo', '.', '0123456', 'marktin.castillo@prueba.com', '1234dfdsfser6512', 2),
(18, 'Nicolas', NULL, 'Veloza', '.', '01234567', 'Nicolas.veloza@prueba.com', '1234dfdsfser6512', 2),
(19, 'Omar', NULL, 'Guerrero', '.', '012345678', 'omar.guerrero@prueba.com', '1234dfdsfser6512', 2),
(20, 'Sebastian', NULL, 'Amado', '.', '0123456789', 'sebastian.amado@prueba.com', '1234dfdsfser6512', 2),
(21, 'Sebastian', NULL, 'Perilla', '.', '123456789', 'sebastian.perilla@prueba.com', '1234dfdsfser6512', 2),
(22, 'William', NULL, 'Solano', '.', '23456789', 'William.solano@clinicanuevaellago.com', '1234dfdsfser6512', 2);

--
-- Índices para tablas volcadas
--

--
-- Indices de la tabla `habitaciones`
--
ALTER TABLE `habitaciones`
  ADD PRIMARY KEY (`id`),
  ADD KEY `piso_id` (`piso_id`);

--
-- Indices de la tabla `pisos`
--
ALTER TABLE `pisos`
  ADD PRIMARY KEY (`id`);

--
-- Indices de la tabla `reportes`
--
ALTER TABLE `reportes`
  ADD PRIMARY KEY (`id`),
  ADD KEY `usuario_id` (`usuario_id`);

--
-- Indices de la tabla `roles`
--
ALTER TABLE `roles`
  ADD PRIMARY KEY (`id`);

--
-- Indices de la tabla `usuarios`
--
ALTER TABLE `usuarios`
  ADD PRIMARY KEY (`id`),
  ADD UNIQUE KEY `numero_documento` (`numero_documento`),
  ADD UNIQUE KEY `correo` (`correo`),
  ADD KEY `rol` (`rol`);

--
-- AUTO_INCREMENT de las tablas volcadas
--

--
-- AUTO_INCREMENT de la tabla `habitaciones`
--
ALTER TABLE `habitaciones`
  MODIFY `id` int(11) NOT NULL AUTO_INCREMENT, AUTO_INCREMENT=39;

--
-- AUTO_INCREMENT de la tabla `pisos`
--
ALTER TABLE `pisos`
  MODIFY `id` int(11) NOT NULL AUTO_INCREMENT, AUTO_INCREMENT=6;

--
-- AUTO_INCREMENT de la tabla `reportes`
--
ALTER TABLE `reportes`
  MODIFY `id` int(11) NOT NULL AUTO_INCREMENT, AUTO_INCREMENT=11;

--
-- AUTO_INCREMENT de la tabla `roles`
--
ALTER TABLE `roles`
  MODIFY `id` int(11) NOT NULL AUTO_INCREMENT, AUTO_INCREMENT=4;

--
-- AUTO_INCREMENT de la tabla `usuarios`
--
ALTER TABLE `usuarios`
  MODIFY `id` int(11) NOT NULL AUTO_INCREMENT, AUTO_INCREMENT=23;

--
-- Restricciones para tablas volcadas
--

--
-- Filtros para la tabla `habitaciones`
--
ALTER TABLE `habitaciones`
  ADD CONSTRAINT `habitaciones_ibfk_1` FOREIGN KEY (`piso_id`) REFERENCES `pisos` (`id`);

--
-- Filtros para la tabla `reportes`
--
ALTER TABLE `reportes`
  ADD CONSTRAINT `reportes_ibfk_1` FOREIGN KEY (`usuario_id`) REFERENCES `usuarios` (`id`);

--
-- Filtros para la tabla `usuarios`
--
ALTER TABLE `usuarios`
  ADD CONSTRAINT `usuarios_ibfk_1` FOREIGN KEY (`rol`) REFERENCES `roles` (`id`);
COMMIT;

/*!40101 SET CHARACTER_SET_CLIENT=@OLD_CHARACTER_SET_CLIENT */;
/*!40101 SET CHARACTER_SET_RESULTS=@OLD_CHARACTER_SET_RESULTS */;
/*!40101 SET COLLATION_CONNECTION=@OLD_COLLATION_CONNECTION */;
